DPYD_chr1:98012393_C->T,5,0,0.5,0.0,0.9666,0
MIR548O2_chr8:29920825_T->C,11,9,1.0,1.0,0.9991818181818182,0.7556666666666667
SYS1-DBNDD2_chr20:43996454_G->T,6,0,0.6,0.0,0.41999999999999993,0
SOD2_chr6:160101532_T->G,2,7,0.18181818181818182,0.7777777777777778,0.7175,0.6004285714285714
TMEM165_chr4:56290573_T->C,7,1,0.875,0.1111111111111111,0.49114285714285705,0.36
CYR61_chr1:86047311_G->C,7,1,0.7777777777777778,0.14285714285714285,0.7001428571428573,0.353
ARFGAP1_chr20:61915375_G->T,8,3,1.0,0.375,0.5745,0.42700000000000005
"NBPF20,NBPF9,PDE4DIP_chr1:145004852_T->G",8,2,1.0,0.25,0.25737499999999996,0.27549999999999997
MIR1256_chr10:74127853_G->A,7,9,0.6363636363636364,1.0,0.5057142857142857,0.8394444444444445
CCDC57_chr17:80112599_G->T,0,4,0.0,1.0,0,0.624
"FAM20A,PRKAR1A_chr17:66537374_G->T",1,5,0.1,0.625,0.286,0.4586
NMRAL1_chr16:4524443_C->G,8,9,0.8888888888888888,1.0,0.6797500000000001,0.9814444444444445
DCBLD1_chr6:117869850_C->T,8,5,1.0,0.625,0.875375,0.5282
ARGLU1_chr13:107210841_T->C,2,7,0.18181818181818182,0.7777777777777778,0.4595,0.5377142857142857
HNRNPH1_chr5:179043647_T->G,7,2,0.7777777777777778,0.2222222222222222,0.782,0.463
