MIR1256,chr10:74127853,G->A,7,9,0.6363636363636364,1.0,0.5057142857142857,0.8394444444444445
TMEM165,chr4:56290573,T->C,7,1,0.875,0.1111111111111111,0.49114285714285705,0.36
DCBLD1,chr6:117869850,C->T,8,5,1.0,0.625,0.875375,0.5282
HNRNPH1,chr5:179043647,T->G,7,2,0.7777777777777778,0.2222222222222222,0.782,0.463
NMRAL1,chr16:4524443,C->G,8,9,0.8888888888888888,1.0,0.6797500000000001,0.9814444444444445
SYS1-DBNDD2,chr20:43996454,G->T,6,0,0.6,0.0,0.41999999999999993,0
"NBPF20,NBPF9,PDE4DIP",chr1:145004852,T->G,8,2,1.0,0.25,0.25737499999999996,0.27549999999999997
ARGLU1,chr13:107210841,T->C,2,7,0.18181818181818182,0.7777777777777778,0.4595,0.5377142857142857
DPYD,chr1:98012393,C->T,5,0,0.5,0.0,0.9666,0
CCDC57,chr17:80112599,G->T,0,4,0.0,1.0,0,0.624
MIR548O2,chr8:29920825,T->C,11,9,1.0,1.0,0.9991818181818182,0.7556666666666667
ARFGAP1,chr20:61915375,G->T,8,3,1.0,0.375,0.5745,0.42700000000000005
CYR61,chr1:86047311,G->C,7,1,0.7777777777777778,0.14285714285714285,0.7001428571428573,0.353
SOD2,chr6:160101532,T->G,2,7,0.18181818181818182,0.7777777777777778,0.7175,0.6004285714285714
"FAM20A,PRKAR1A",chr17:66537374,G->T,1,5,0.1,0.625,0.286,0.4586
