0,0,0,0.062,0,0,0,0,0,0,0,0,0,0,0,0,0,0.059,0.183,0
0,0,Na,0.108,Na,0,0,0,0.267,0.381,0.203,0,0,0.509,0,0,Na,0,0.085,0.171
0,0,0,0,0,0,0,0.109,0.234,0,0,0.074,0,0,0,0,0,0,0,0
0,0,0.280,0,0,0.305,0,0,0,0,0,0,0,0.552,0,0,0.279,0,0,0
0,0.457,0,0.112,0,0,0,0,0,0,0,0,0,0.267,0,0,0.269,0,0,0.130
0.133,0,0,0,0.093,0,0,0,0,0.412,0.347,0,0,0,0,0,0,0.150,0,0
0.268,0,0,0,0,0,0,0,0,0,0,0,0,0.123,0,0,0.137,0,0.140,0
0.143,0,Na,0,0,0.188,Na,0.150,0.083,0,Na,0.127,0.119,0,0,0,0.118,0.143,0,0
0,0.293,0.400,0.297,0,0,Na,0,0.167,0,0,0.559,0,0,0,0,0.118,0,0,Na
0.583,0.381,Na,0.269,0,0,Na,0,0.212,0,0.194,0.283,0,0,Na,0,0,0.300,0.308,Na
Na,0,0,0,0,0,Na,0,0,0.223,0.247,0.107,0,0,0,0.208,0,0,0,0
0,0.137,Na,0.133,0,0,Na,0.141,0,0.333,0.241,0,0.165,0,0,Na,0,0,0,Na
0.125,0,Na,0,0.176,0.578,Na,0,0.190,0,0,0,0,0,0,Na,0,0,0,Na
0,0,0,0,0,0.089,0,0,0,0,0,0.049,0,0,0,0,0,0.097,0,0
0.133,0,0.250,0,0.221,0,Na,0.112,0,0,0,0.422,0,0,0.178,0,0.142,0.142,0,Na
0.137,0,0,0,0,0,0,0,0,0.147,0.116,0,0,0,0,0,0.227,0.207,0.131,0
0,0.158,Na,0.379,0,0.471,Na,0,0,0.333,0.214,0,0,Na,0,0,0.781,0.134,0,Na
0.156,0.390,0.135,0.437,0,0,0,0,0.351,0,0,0,0.395,0,0.168,0,0.983,0.470,0.416,0
0,0,0,0,0.174,0.133,Na,0,0,0,0.094,0,0,0,Na,Na,0,0.284,0,Na
0,0,0,0,0,0,Na,0.433,0,0.222,0,0,0.137,0.290,Na,Na,0,0,0,Na
0,0,Na,0.443,0,0.800,Na,0.250,0.132,0.448,0.292,0,0.993,0,0.930,0.909,0,0.127,0,Na
0,0.064,0.122,0,0.120,0,0,0,0.080,0,0,0,0,0.091,0,0.119,0.049,0,0,0.151
0,0,0,0.070,0,0,0,0.201,0,0.130,0.094,0,0,0,0,0,0,0,0,0
0,0.262,Na,0,0,0,Na,0.110,0,0,0,0,0,0,0,0,0,0.314,0,Na
0,0.143,Na,0.246,0,0,Na,0,0,Na,Na,0.113,0,Na,0,0.133,0,0,0,0
0,0,0,0,0,0.127,0,0,0,0,0,0,0,0,0,0.219,0,0.177,0,0
0,0,0.179,0.205,0,0,0.148,0,0.159,0,0,0,0,0,0,0,0,0.125,0.096,0
0,0.117,Na,0,0,0,Na,0,0,0,0,0,0,0,0,0,0,0.357,0.256,0
0,0,0,0,0,0,Na,0.104,0,0.318,0.222,0,0,0,0,0,0,0,0.070,0
Na,0,0,0,0,0,Na,0.129,0,0.139,0.116,0.043,0,0,0,0,0,0,0,0
0,0,0,0.081,0,0,Na,0,0,0,0.090,0,0,0,0,0,0,0,0.212,0
0,0.274,Na,0,0,0,0,0,0.090,0.375,0.250,0,0,0,0,0,0,0,0,0
0,0,Na,0,0,0,Na,0,0,0.146,0.143,0,0,0,0,0,0.139,0,0,Na
0,0,Na,0,0,0,Na,0.568,0,0,0,0,0.117,0,0,0,0,0.516,0,Na
0.151,0,Na,0,0,0,Na,0,0.167,0.231,Na,0,0,0,0,0,0,0,0,0.222
0.381,0.125,0,0,0,0.082,Na,0.236,0,0,0,0,0.103,0,0,0,0,0,0,0
0.34,0,Na,0,0,0.116,Na,0,0.236,0.208,0.160,0,0,0,0,Na,0,0,0,Na
0,0,Na,0,0,0.321,Na,0,0,0,0,0,0.136,0,0,0,0.107,0,0,Na
0,0,Na,0.143,0,0,Na,0,0,0,0,0,0,0,0,0,0.192,0,0,0.300
0,0,0,0,0,0,0.167,0.107,0,0,0,0,0,0,0,0,0,0.105,0,0
0.346,1.000,1.000,1.000,1.000,1.000,1.000,1.000,1.000,1.000,1.000,0.980,1.000,1.000,1.000,1.000,1.000,1.000,1.000,1.000
0.167,0,Na,0,0,0,Na,0,0,0.103,Na,0.266,0.163,0.167,0,0,0,0,0,Na
0,0.034,0,0,0,0.038,0,0,0,0,0,0,0,0,0.013,0,0,0,0,0
Na,0,Na,0,0,0,Na,0.112,0.096,0,0,0,0,0.179,0.141,0,0.269,0,0,0
0,0,0.156,0,0,0,0,0.037,0,0,0,0,0,0,0,0,0,0,0,0.090
0.3,0.154,Na,0,0,0,Na,0,0,0,0.208,0.118,0,0.231,Na,Na,0,0,0,Na
0,0,0.159,0.141,0,0,0,0,0,0,0,0.158,0,0,0,0,0,0,0,0
0,0,Na,0.288,0,0.320,Na,0,0,0,0,0,0.172,0,Na,Na,0,0.200,0,Na
0,0,0,0,0,0.200,Na,0,0.201,0,0,0,0.162,0.429,0,Na,0,0,0,Na
0.185,0,0.274,0.107,0,0,0,0,0,0,0,0.181,0.114,0.181,0,0,0,0.194,0,0
0,0,0,0,0,0,0,0,0.120,0.489,0.392,0,0,0,0,0,0,0,0,0.191
0.255,0,0,0,0,0.519,Na,0.184,0,0.250,0.120,0,0,0,0.738,0,0,0.286,0.126,0
0,0.475,0.081,0,0.170,0,0,0,0,0,0,0,0,0,0,0,0,0,0,0
0,0,0,0,0.410,0.147,Na,0.191,0.241,0,0,0,0,0,0.265,0,0,0.331,0,0.333
0,0.090,0,0,0,0,Na,0,0,0.202,0.123,0,0,0,0,0,0,0,0,0
0.104,0,0.159,0,0,0,0,0.646,0,0,0,0,0,0.196,0,0,0,0,0.245,0
0,0,0,0,0,0,0.364,0.103,0.175,0,0,0,0.554,0,0,0,0,0.285,0.145,0
0.235,0.215,0,0.128,0,0,0,0,0,0.131,0.207,0,0,0,0,0,0.250,0,0,0.146
0.176,0,Na,0.168,0,0,0.273,0,0.197,0,0,0,0,0.083,0,0,0,0.144,0,0
0,0,0.182,0.118,0.101,0,0,0,0,0,0,0,0,0,0,0,0,0.127,0,0
0,0,0.121,0.310,0,0,0,0,0,0,0,0.141,0,0,0,0,0,0,0,0.207
0,0.464,0.118,0.512,0.486,0.442,0,0.324,0.564,0.046,0,0.456,0.255,0.205,0.026,0.403,0.321,0.500,0.297,0.130
0,0,Na,0,0,0,Na,0,0,0.286,0.200,0,0,0,0.406,0,0.094,0,0,Na
0.184,0,1.000,1.000,1.000,0.639,Na,Na,1.000,0,1.000,1.000,0.530,1.000,1.000,0,1.000,0.863,0.412,Na
0.278,0,0,0.191,0.097,0,0,0,0.089,0,0.079,0,0,0,0,0,0,0,0,0
0,0,0,0,0,0.101,0,0,0.079,0,0,0,0,0,0,0,0.232,0,0,0
0,0,0,0,0,0,0,0,0,0,0,0,0,0,0.210,0.306,0,0,0,0.229
Na,0,Na,0,0,0.128,Na,0,0,0.213,0.156,0,0,0,0,0,0,0,0,0
0,0,0,0,0,0,0,0,0,0.110,0.062,0,0,0,0,0,0,0.083,0,0
0,0.250,Na,0.228,0,0,Na,0.101,0,0,0,0.107,0.125,0,0,0,0,0,0,0
0,0,Na,0,0,0,Na,0,0,0.182,0,0,0.193,0,0,0.389,0,0,0,Na
0.123,0,0,0,0,0,0,0.406,0,0,0,0,0,0.192,0,0,0,0,0,0
0,0,0,0,0.326,0,Na,0,0.113,0,0,0,0,0,0,0,0,0,0,0.200
0,0,0,0.316,0,0,Na,0,0,0,0,0,0.215,0,0.672,Na,0,0,0,Na
0.111,0,Na,0,0,0,Na,0,0,0.250,0.160,0,0,0,0,0,0.214,0,0,Na
1,1.000,1.000,1.000,0.977,0,Na,1.000,1.000,1.000,0.966,0.986,1.000,1.000,1.000,1.000,0.989,0.990,0.721,Na
0,0,0,0,0,0.446,0,0.222,0,0,0,0.486,0,0,0.167,0,0,0,0,0
0,0.159,Na,0,0.293,0,Na,0,0.102,0.161,0.200,0,0,Na,0,0,0.264,0,0,Na
0,0.093,0.075,0,0,0,0,0,0,0,0.118,0,0,0,0,0,0,0,0,0
0.167,0,Na,0,0,0,Na,0,0.230,0,0,0.100,0.186,0.435,0.182,Na,0,0,0,Na
0,0.211,Na,0,0,0,Na,0,0,0.269,0.188,0,0,0,0,Na,0,0,0,Na
0.361,0.291,0.121,0.240,0.174,0.150,0,0.160,0.298,0.177,0.142,0.095,0.111,0.241,0.126,0,0.111,0.170,0.321,0.120
0.111,0,0,0,0,0,0,0.141,0,0,0,0,0,0.148,0,0,0,0,0.161,0
0,0.173,Na,0,0,0,Na,0,0,0,0,0.091,0,Na,0,0,0,0.164,0,Na
0.167,0.211,Na,0,0,0,Na,0,0,0,0,0,0,0,Na,Na,0.135,0,0,Na
0,0,0,0.133,0,0,0,0.146,0,0.089,0,0,0,0,0,0,0,0,0.130,Na
0,0,0,0,0,0,0,0,0,0.063,0.071,0,0,0.051,0,0,0,0,0,0
0,0,Na,0,0,0,Na,0,0,0,0,0.591,0,0,0,0,0.330,0.314,0,Na
0,0,0,0,0,0,0,0,0.172,0,0,0.291,0,0,0,0,0,0,0.113,Na
0,0.361,0,0,0.495,0.144,Na,0,0,0,0,0,0,0,0,0,0,0,0,0
0,0,0,0,0,0,Na,0,0.063,0,0.181,0,0,0,0,0.111,0.220,0,0,0
0,0,Na,0.188,0,0,Na,0,0.114,0,0,0,0,Na,0.154,0,0,0,0,Na
0.176,0,Na,0,0,0,0,0,0,0,0.180,0,0,0.500,0,0,0,0,0,0
0.252,0,0,0,0,0,0,0,0.097,0,0,0,0,0,0,0,0,0.303,0,0
0,0.136,Na,0,0.158,0.160,Na,0.309,0,0,0,0,0,0.429,Na,Na,0,0.203,0.400,Na
0.267,0,0,0.150,0.182,0.324,0,0.107,0.145,0.246,0.167,0,0.077,0.622,0.099,0.259,0,0.145,0,0.333
0.16,0.201,0,0,0.115,0,0,0.092,0,0.089,0.092,0,0.101,0,0,0,0,0,0.107,0
0,0.206,Na,0,0,0.159,Na,0.159,0,0,0,0,0.234,0,0,0,0,0.432,0.119,Na
0,0,Na,0,0,0,Na,0.254,0.325,0,0,0,0.211,0,0,Na,0.297,0,0,Na
0,0,0.225,0,0,0,0,0,0,0,0.167,0.112,0,0,0,0,0,0,0,0
0.741,0.189,Na,0,0,0,Na,0.161,0.122,0.235,Na,0,0.134,0,0,0,0,0,0,Na
0,0,Na,0,0,0,Na,0,0,0,Na,0.456,0,0,0,0,0,0.072,0.433,Na
0,0,Na,0.106,0.152,0,Na,0,0,0,Na,0,0.115,Na,0,0,0,0,0.154,0
0,0.136,Na,0,0.303,0,Na,0,0.160,Na,Na,0.164,0.125,Na,0.133,0,0.182,0,0,0.400
0,0,0,0,0,0,Na,0,0.089,0,0,0.126,0.112,0,0.102,0,0.070,0.081,0,0.150
0,0,Na,0,0,0.316,Na,0,0,0,0,0.159,0,0,Na,Na,0.109,0,0,Na
Na,0,0,0,0.387,0,Na,0,0,0,0.075,0,0,0,0,0,0.224,0,0,0
0,0.097,0,0,0,0,Na,0,0.569,0,0.194,0,0,0,0,0,0,0,0,Na
0.278,0,Na,0,0,0,Na,0,0.286,0.167,0,0,0,0,0,0,0,0.182,0.143,Na
0.111,0,Na,0.125,0,0.423,Na,0.394,0.139,0,0,0,0.282,0,0.727,Na,0,0.185,0,Na
0,0.106,0,0,0,0,0,0,0.076,0.122,0.098,0.095,0,0,0,0,0,0,0.179,0
0,0,0.412,0,0,0,0,0.391,0,0,0,0.311,0,0.629,0.116,0,0,0,0,0.312
0,0.250,Na,0.364,0.200,0.167,Na,0,0,0,0,0.489,0.308,0,Na,Na,0,0,0,Na
0,0,Na,0,0,0,Na,0,0,0.200,0,0,0,0.333,Na,Na,0,0.381,0,Na
1,0,Na,0,0,0,Na,0.150,0.263,0.818,Na,0,0.677,0,0.509,0,0.178,0,0,0
0.167,0,0.200,0,0,0,Na,0,0.254,0,0,0,0,0,0,0,0,0.150,0,Na
0.167,0,Na,0,0,0,Na,0,0,0,0,0,0,Na,0,0.231,0,0.111,0,Na
0.296,0.246,0,0,0,0,Na,0,0,0,0,0,0,0,0,0,0.093,0,0,0
0.154,0,Na,0,0,0,Na,0,0.161,0,Na,0,0,0,0,0,0.111,0,0.102,0
0.308,0,Na,0.200,Na,0,Na,Na,0,Na,Na,0.250,0,Na,0,0,Na,Na,Na,Na
Na,0,Na,0,0,0,Na,0,0,0,0,0.123,0,0,0.184,0,0.302,0,0,0
0,0.550,0,0,0,0,0,0,0,0,0,0,0.500,0,0,0,0.546,0.466,0,0
0,0,0,0.362,0,0,Na,0,0,0,0,0.400,0.448,0,0,0,0,0.123,0.116,Na
0.198,0,0.086,0.107,0,0,0,0.086,0.115,0,0,0.106,0.139,0,0.106,0.095,0.080,0,0,0
0.286,0,Na,0.140,0,0,Na,0,0,0.167,0,0,0.295,0.300,0,0,0.180,0,0,Na
0.089,0,0,0,0,0,0,0,0.086,0,0,0.112,0,0.113,0,0,0,0,0,0.273
0,0,0.231,0,0,0,Na,0.099,0,0,0.324,0.057,0,0,0.092,0,0,0,0,0
0.19,0.182,Na,0,0,0,Na,0,0,0,Na,0,0,Na,0,0,0,0,0.154,0
0.302,0,0,0,0,0,Na,0,0.289,0,0.143,0,0,0,Na,Na,0.246,0.111,0.312,Na
0,0,0,0.129,0,0,0,0.068,0.062,0.071,0.107,0,0.086,0,0,0,0,0.071,0.092,0
0,0.177,Na,0,0.330,0,0,0,0.203,0,0.161,0,0.056,0,0.085,0,0,0,0,0.111
0.192,0,Na,0.191,0,0,0,0.151,0,0,0,0,0,0,0,0.280,0.270,0,0,0
Na,0.200,Na,0,1.000,0.619,Na,Na,0.688,Na,Na,0,Na,Na,0.579,0,0.600,Na,1.000,0
0,0.250,Na,0,0,0,Na,0,0,0.130,0.185,0.103,0,0,0,Na,0.176,0,0,Na
0,0,Na,0.220,0,0.523,Na,0,0,0.125,0.125,0.825,0.181,0.167,0,0,0.162,0.571,0.273,Na
0,0.571,Na,0.269,0,0.261,Na,0,0,0.400,0.125,0.280,0.373,0.560,Na,Na,0.564,0.123,0,Na
0.286,0.950,Na,0.474,0.905,0.870,Na,1.000,0.905,Na,Na,0.929,1.000,Na,0.850,0.824,1.000,0.909,1.000,0.818
0,0,0.138,0.111,0,0,0,0,0,0.157,0.171,0.127,0,0,0,0,0,0,0,0
0.157,0.258,Na,0,Na,0,0,0,0,0,0,0,0,0,0,0,Na,0.225,0,0
0,0,Na,0.144,0,0.093,Na,0.156,0.207,0.106,0.085,0.232,0.109,0,0.525,0,0.160,0.227,0,0.188
0,0,Na,0.114,Na,0,0,0.094,0,0,0,0,0,0,0,0,Na,0,0.099,0
0,0,0,0,0,0.081,0,0,0,0,0,0,0,0,0,0,0.275,0.247,0,0
0.529,0.099,0.238,0.366,0.134,0.245,Na,0,0.084,0.167,0,0,0,0,0,0.879,0.258,0.337,0,Na
0,0.069,0,0,0.131,0,Na,0,0.072,0,0,0,0,0,0,0,0,0.082,0,0
0,0,Na,0.100,0,0,Na,0.165,0,0,0,0,0.247,0,0.113,0.185,0,0,0,Na
0,0,Na,0,0,0,Na,0.323,0.099,0,Na,0,0,0,0,0,0.102,0,0,Na
0,0,Na,0.339,0,0,Na,0.688,1.000,0.490,0,0,0,0.122,0,0,0,0,0,0.774
0.784,0,Na,0.133,0,0,Na,0,0,0.135,Na,0,0,0,0,0,0,0,0,Na
0,0,Na,0,0,0.106,Na,0,0.194,0,Na,0,0,0,0,0,0.118,0,0,0
0.305,0,0.185,0,0,0,0,0,0,0,0.113,0,0.400,0,0,0,0,0.193,0,0
0,0,0,0.135,0,0,0,0,0,0.115,0,0.096,0,0,0,0,0.113,0,0.134,0
0.333,0,0,0.136,0,0.091,0,0.188,0.160,0,0,0.093,0,0,0,0,0,0.087,0.157,0
0,0,Na,0,0,0,Na,0.231,0,0.133,0.160,0,0,Na,0,0,0,0,0,Na
0,0.250,Na,0,0,0,Na,0,0,0,0.200,0,0,0.429,0,Na,0,0.638,0.579,Na
0,0.076,0,0,0,0,0,0,0,0,0,0.094,0,0,0,0,0,0,0.193,0
0.122,0,Na,0,0,0,Na,0,0.160,0,0.161,0,0,0,0,0,0,0,0,0
0.112,0,0.217,0.145,0.149,0.186,0.300,0.114,0.252,0.104,0.118,0.199,0.074,0.112,0.171,0.200,0,0.083,0.280,0
0.357,0,Na,0.299,Na,0,0.429,0.305,0.143,0.634,0.421,0.257,0.157,0.620,0,0.293,Na,0,0.088,0.302
0,0,0,0.079,0,0,Na,0,0.226,0,0,0,0,0,0,0.854,0,0,0,Na
0,0,0,0,0,0,0,0,0,0,0,0,0,0.113,0,0,0,0.224,0.277,0
0,0,Na,0,0,0,Na,0,0.155,0.321,0.333,0.076,0,Na,0,0,0,0,0.095,Na
0,0,Na,0,0,0,Na,0,0,0,Na,0.137,0.128,0,0,0,0,0.292,0,Na
0,0,0,0.096,0,0,Na,0.206,0.214,0.225,0.195,0.090,0,0.188,0,0,0,0,0,0
0,0.121,0.318,0.365,0.461,0,Na,0,0,0,0,0,0.433,0.225,0,0,0.200,0.521,0,0
0,0,0,0,0,0.315,Na,0,0.134,0.221,0.154,0.134,0,0,0.207,0,0,0,0.190,0.304
0,0,0,0.112,0,0,Na,0,0,0.186,0.176,0,0,0,0,0,0,0.150,0,0
0.37,0.331,0.433,0.351,0.156,0,0,0.126,0.267,0.307,0.307,0.307,0.241,0,0.201,0.109,0.224,0.339,0.237,0.400
0,0,Na,0,0.375,0,Na,0,0,0.200,0,0.071,0,0.231,Na,Na,0.523,0.140,0.235,Na
0,0.971,0.917,0.974,0.980,0.975,1.000,0.977,0.995,0.208,0.397,0.970,0.964,1.000,0.338,0.984,0.943,0.967,0.972,0.424
0,0,0.308,0.092,0,0,Na,0,0.315,0,0,0,0.219,0,0,0,0,0,0,0
0,0,0,0,0,0,Na,0.129,0.133,0,0,0.092,0,0,0,0,0,0,0,0
0,0,0.294,0,0,0.165,Na,0,0.233,0.101,0.157,0,0.115,0,0,0,0,0.140,0,0
0,0.241,0,0,0,0,Na,0,0,0,0,0,0,0,0,0,0,0,0.398,0.182
0,0,0.241,0.091,0,0.110,0,0,0,0.213,0.183,0,0.392,0,0,0,0,0.113,0,0
0,0,0,0,0,0,Na,0.300,0.088,0,0,0,0,0,0,0,0.271,0,0,Na
0.135,0,0,0,0,0,0.647,0,0,0,0,0,0,0,0,0,0.204,0,0,0
0,0,0,0,0.126,0,0,0,0,0,0,0.289,0.065,0,0,0,0.115,0,0.117,Na
0,0,0,0.155,0,0,0,0,0.114,0,0,0.109,0,0.270,0,0,0,0,0,0
0,0,Na,0,0,0,Na,0,0,0.211,0.150,0,0,Na,0.279,0,0,0,0,Na
0,1.000,Na,0.979,Na,0,1.000,0.975,1.000,0.889,0,0.916,0,0.217,0,1.000,Na,1.000,0,1.000
0.127,0.143,Na,0,Na,0.110,0,0,0,0.357,0.164,0.207,0.128,0.750,0.110,0,Na,0,0.096,0
0,0.103,0,0,0,0,Na,0,0,0,0,0,0,0.159,0,0,0,0.130,0,0
0,0,0.286,0,0,0.358,Na,0.252,0,0.158,0.192,0,0.207,0,0,0,0,0,0,0
0.108,0.230,0.073,0.113,0,0,0,0.344,0,0,0,0,0,0,0,0,0.146,0.112,0.135,0
0,0,0,0,0,0.225,Na,0,0,0,0,0.096,0,0,0,0.583,0,0.154,0,0
0.265,0,Na,0.145,0,0,Na,0.136,0,0,0,0,0,0,0.894,Na,0,0,0.134,Na
0.309,0.133,0,0.167,0.195,0,0,0.439,0.121,0.124,0.119,0.151,0.157,0.100,0.201,0,0,0.136,0.148,0
Na,0,0,0.183,0,0,Na,0.295,0,0,0,0,0.071,0,0.165,0,0,0.118,0.106,0
0.249,0.044,0.175,0,0,0,0,0,0,0,0,0.077,0,0.111,0,0,0,0,0,0
0,0.091,0,0.381,0,0,Na,0.099,0,0,0,0,0,Na,0,0.371,0,0.151,0,Na
0.123,0,0,0,0,0.206,0,0,0,0,0,0,0,0,0.117,0,0,0,0,0
0,0.358,0,0.218,0.223,0.228,0.300,0,0.206,0.135,0.088,0.197,0.098,0,0,0,0,0,0.158,0.146
0,0.270,Na,0.342,0,0,Na,0,0,0,Na,0,0,0,0,0,0,0.271,0,Na
1,1.000,1.000,1.000,1.000,1.000,1.000,1.000,1.000,1.000,1.000,1.000,1.000,1.000,1.000,1.000,0,1.000,1.000,1.000
0,0.156,0,0,0,0,Na,0,0,0,0,0,0,0,0.229,0,0,0,0.255,Na
0,0.442,0.286,0,0,0,Na,0,0.268,0,0,0.129,0,0,0,0,0,0,0,0
0,0,Na,0.149,0.109,0,Na,0,0,0.186,Na,0,0,0,0,0,0,0,0,Na
0,0,0,0,0.120,0,0,0,0,0,0.081,0,0,0,0.129,0,0,0.049,0,0
0.256,0,0,0.200,0,0,Na,0,0,0,0,0,0,0.400,0,0.547,0,0,0,Na
0.795,0.200,Na,0.213,0.143,0,Na,0,0.211,0.382,Na,0.111,0.342,0,0,0,0.237,0,0,Na
0,0.317,0,0,0.162,0,Na,0,0,0,0,0.094,0,0,0,0,0.175,0,0,Na
0,0.198,0,0.160,0,0,Na,0,0,0,0,0,0,0,0,0,0.119,0,0,0.500
0,0.345,Na,0,0,0,Na,0.200,0.125,0.129,0.208,0.178,0,Na,0,0,0,0.150,0,Na
0,0,0,0,0.314,0,Na,0,0,0,0,0.152,0,0,0,0,0,0,0.145,0
0.186,0.096,0,0,0,0,0.114,0,0,0,0,0,0,0,0,0,0.117,0,0.133,0
0,0.150,0.214,0,0,0,Na,0.187,0,0.233,0.290,0,0,0,0,0,0.087,0,0,Na
0,0,0,0.129,0,0,0,0,0.106,0,0,0,0.098,0,0,0,0,0.201,0.159,0
0,0,0.235,0.188,0,0.159,Na,0.341,0.343,0.191,0.278,0.108,0.309,0.186,0.444,0,0.217,0.352,0,0.286
0.408,0.145,0,0,0.167,0,0,0.178,0.180,0,0.423,0,0.250,0,0,0,0,0,0,0
0.125,0,Na,0,0,0,Na,0.269,0,0,0,0,0,0,0,0,0,0.114,0,0
0,0,Na,0.187,0,0,0,0,0.133,0.324,0.095,0,0.134,0,0.283,0.316,0,0,0,0
0,0,Na,0,0.167,0,Na,0,0,0.100,Na,0,0,0,0,0,0.180,0.208,0.312,Na
0,0,0,0.114,0,0.308,Na,0,0,0,0.100,0,0,0,0,0,0,0.236,0,Na
0,0,0.107,0,0,0,0,0,0,0,0,0.103,0,0.223,0,0,0,0,0,0
0.224,0,0.353,0,0,0,0,0,0.202,0,0,0.350,0,0,0,0,0,0,0.121,0
0.132,0,0.200,0,0,0,0.265,0,0,0,0,0,0,0,0,0,0,0,0,0
0.682,0,Na,0,0,0,Na,0,0,0,0,0,0.110,0,0.747,0,0.122,0,0.077,Na
0,0,0,0,0,0.092,Na,0,0,0,0,0.052,0,0.079,0,0,0,0,0,0
0,0.143,Na,0,0,0,Na,0,0,0,Na,0.101,0,0,0,0,0,0,0.128,0
0,0,Na,0,0,0,Na,0,0.278,0,0,0.196,0.348,0,0,0,0.243,0,0,0
0,0.136,0,0.474,0,0,Na,0,0,0.091,0,0.061,0.115,Na,0,0,0.224,0,0,Na
0.271,0.408,0,0.315,0.256,0.098,0.240,0,0.317,0.317,0.318,0.268,0.293,0.117,0,0.097,0.291,0.297,0.333,0.612
0,0,0,0,0,0,Na,0,0.176,0,0.114,0,0,0,0,0,0,0.182,0,Na
0,0,0.231,0.196,0,0,0.240,0,0.134,0,0,0.275,0.207,0,0.109,0,0,0,0.083,0
0.275,0,0,0,0.128,0.117,0,0,0,0,0,0,0,0,0,0,0,0.167,0,0
Na,0.500,Na,Na,Na,0.476,Na,Na,Na,Na,Na,Na,Na,Na,1.000,Na,Na,Na,Na,Na
0,0,Na,0,0,0,0,0,0,0,0,0,0.105,0,0.086,0.227,0,0,0,0
0,0,Na,0.112,0,0,0.870,0.113,0,0,0,0.164,0,0,0,0,0,0.075,0,0
0,0,Na,0,0,0,Na,0.347,0,0.267,Na,0,0.200,0,0,0,0,0,0,Na
1,0.458,Na,0,1.000,0.548,Na,0,0.560,0.900,Na,0,0.968,0,0.476,0,0.463,0,1.000,0.333
0.161,0,0,0,0,0.114,0,0,0,0,0,0,0,0,0.147,0,0,0,0,0
0,0,0,0,0,0.276,Na,0.208,0,0,0.165,0,0.172,0,0,0,0.087,0.197,0,0
0.283,0,Na,0,Na,0,0,0,0,0,0.129,0,0.104,0.519,0,0,Na,0.177,0,0
0,0,Na,0.212,0,0,Na,0,0,0,0.100,0.377,0,0,0,Na,0,0,0,Na
0,0,Na,0.128,0,0,Na,0.105,0,0,0,0,0,Na,0,0,0,0.164,0,Na
0.295,0,0.214,0.234,0.213,0.193,0,0,0.260,0.289,0.321,0.382,0,0,0.118,0.695,0.090,0.200,0,0
0,0.273,Na,0,0,0.792,Na,0,0,0,Na,0,0,0,0,0,0,0,0.162,Na
0,0.102,0,0,0.309,0,Na,0,0,0,0,0.087,0,0,0,0,0,0,0,0
0,0,0,0,0.364,0,0,0.488,0,0,0,0,0,0,0.375,0,0,0,0,0
0,0,0,0,0,0,0,0,0,0.101,0.097,0,0.185,0,0,0,0,0,0,0
Na,Na,Na,0,Na,0.143,Na,Na,0,Na,Na,0,0,Na,0.840,Na,Na,0.286,Na,Na
Na,0,0,0.241,0,0.245,Na,0.082,0.189,0,0,0,0.069,0.256,0.186,0,0.192,0,0,0
0.322,0,0,0,0,0,0,0.127,0,0,0,0,0,0,0.066,0,0,0.331,0.173,0
0,0,0.316,0.683,0.286,0.505,Na,0,0,0.348,0.500,0.314,0.436,Na,0.235,0,0,0.416,0.486,Na
Na,0,0.550,0.298,0,0,Na,0,0.075,0,0,0,0,0,0,0,0.243,0,0,0
0,0,Na,0.128,0,0.296,Na,0,0.361,0,0,0.108,0,Na,0.140,0.308,0,0,0.356,Na
Na,Na,Na,0,Na,0,Na,Na,0.273,Na,Na,0,0.632,Na,0.209,Na,Na,0,Na,Na
0,0,Na,0.105,0,0,Na,0,0,0,0,0,0.130,0,0.102,0,0,0.151,0.098,Na
0,0,Na,0,Na,0,0,0.145,0,0.260,0.167,0,0,0,0.584,0,Na,0.155,0,0.120
0,0,0,0,0,0.275,Na,0,0.136,0.241,0.238,0,0.219,0,0,0,0.143,0,0,0.348
0,0,0,0,0,0,Na,0.121,0,0.186,0,0,0,0,0.271,0,0,0,0,0
0,0.371,0,0,0,0.150,Na,0,0.310,0,0,0,0,0,0,0,0,0,0,0
0,0.193,0.143,0.139,0,0.175,0,0.297,0.170,0.071,0.101,0.128,0.150,0.146,0,0,0,0.130,0.126,0
0,0,Na,0,0,0,Na,0,0.327,0,0,0.248,0.305,0,0,0,0,0,0,Na
0.167,0,0,0,0,0,0,0.182,0,0,0.106,0.127,0.202,0,0,0,0,0,0,0.276
0.301,0,0,0.110,0,0,0,0,0,0,0.065,0,0,0,0,0,0,0,0.131,0.169
0,0.176,0,0.107,0.096,0.130,0,0.168,0,0,0,0,0,0.095,0,0,0,0.204,0.241,0
0,0,0,0,0,0,0,0,0.136,0,0,0.254,0,0,0,0.092,0,0,0,0
0,0,0,0,0,0,0,0,0,0,0.197,0,0,0,0,0,0,0,0.193,0.466
Na,0.375,Na,0,0,0,Na,0,0.124,0,0.254,0,0,0,0,0,0,0,0,0
0,0,0,0,0,0.083,Na,0,0.154,0,0,0.095,0,0,0,0,0,0,0,0
0,0.234,0,0.109,0,0,Na,0,0,0,0,0,0,0,0,0,0.221,0,0,0
0,0,Na,0.167,0.475,0,Na,0.217,0.173,0,0,0.164,0,Na,0,0,0.704,0,0,Na
0,0,0,0,0,0,Na,0.217,0,0,0,0,0,0.152,0,0,0,0,0,0.158
0,0,0,0,0,0,0,0.129,0,0.270,0.126,0,0,0.397,0,0,0,0.123,0,0.143
0,0,Na,0,0,0,Na,0,0,0,0,0,0,0,0,Na,0.176,0.130,0.105,Na
0.121,0,Na,0,0,0,Na,0,0,0,0,0,0,0,0.488,0,0.184,0,0,0
0,0,Na,0.052,0,0,0,0,0,0.256,0.182,0,0.130,0.473,0,0,0,0,0,0
0,0,Na,0,0,0.860,Na,0,0,0,0,0.223,0,0,0,0,0.289,0,0,Na
0,0.211,Na,0,0,0,Na,0.429,0,0,0,0,0.310,0,0.097,0,0,0,0.226,Na
0,0,0.381,0,0,0,Na,0,0,0,0,0.123,0,0,0,0,0,0,0,0.292
1,Na,Na,0,Na,0,Na,0.412,0,Na,Na,0.750,1.000,Na,Na,Na,0,0.500,Na,Na
0.237,0.199,0.265,0.164,0,0.098,0,0.152,0,0.109,0.258,0,0,0,0,0,0.187,0.259,0.280,0
0,0,0,0,0,0,0,0,0.179,0,0,0.149,0,0,0,0.106,0,0,0,0.480
0,0,Na,0.253,0,0.840,Na,0.287,0.241,0.265,Na,0,0.328,0,0.709,0.159,0.237,0,0,Na
0,0,Na,0,0,0.832,Na,0,0,0,0,0,0.152,0,0,0,0.253,0,0,Na
0,0.135,0.145,0,0,0,0,0,0.185,0,0,0.206,0,0,0,0,0,0,0,0
0,0,0.266,0,0,0,0,0,0,0,0,0,0.130,0,0.090,0,0,0,0,0
0.139,0,0,0.130,0,0,0,0.101,0.093,0,0,0,0,0,0,0,0,0.130,0,0
0.146,0,0,0.198,0,0,Na,0,0,0.261,0.212,0.110,0,0,0,0,0,0.176,0.152,0
0,0,Na,0.471,0,0.990,Na,0.583,0,0,Na,0.701,0.286,0,0,0.652,0,0.547,0.706,0
0.13,0.176,0,0.283,0,0,0,0,0.174,0.194,0.212,0.134,0.230,0,0,0,0,0.197,0,0
0,0,0,0.028,0.063,0,0,0,0.077,0.396,0.352,0,0,0.203,0,0,0,0,0.083,0
0,0,0,0,0,0,0,0,0,0,0,0.030,0.146,0,0.182,0,0.055,0,0,0
0,0,0,0,0,0,0,0,0.105,0,0,0.088,0.085,0,0,0,0,0.113,0,0
0,0.160,Na,0,0,0,Na,0,0,0,0,0,0.129,0,Na,0,0,0,0.176,Na
0,0,0,0,0,0,0,0,0,0.112,0.076,0,0,0,0,0,0,0,0.146,0
0.111,0,0,0.103,0.136,0,0,0,0.081,0,0,0,0,0,0,0,0,0,0,0
0,0,0,0,0,0,Na,0,0,0.089,0,0,0,0,0,0,0,0,0.088,0.304
0,0,0,0.281,0.420,0,0,0,0,0.270,0.118,0,0,0,0,0,0,0.082,0,0.167
0.144,0,0,0.068,0,0,0,0,0,0,0,0,0.067,0,0,0,0.090,0,0,0
0,0,Na,0.128,0,0,Na,0.084,0,0.294,Na,0,0.137,0,0,0,0,0,0,Na
0,0,0,0.166,0,0,0,0,0.071,0,0,0,0,0.138,0,0.094,0.063,0,0.130,0
0,0.183,0.308,0,0.094,0.136,0.162,0.072,0.217,0.389,0.269,0,0.131,0,0,0,0,0.311,0,0.237
0,0,0,0.336,0,0,0,0,0,0,0,0,0,0.137,0,0,0,0.127,0,0
0.938,0.905,Na,0.918,1.000,1.000,Na,1.000,0.889,Na,Na,1.000,1.000,Na,1.000,0,0.944,1.000,1.000,0
0,0,0.217,0,0,0,0,0,0.091,0,0,0,0,0,0,0,0,0.150,0,0.130
0,0,0,0,0,0,0,0,0.142,0,0,0,0.124,0,0,0,0,0,0.329,0
0,0,Na,0,0,0,Na,0.591,0,0,0,0,0,0,0,0,0.176,0,0.235,Na
0,0.084,Na,0,Na,0,0,0.088,0,0,0,0.136,0,0,0,0,Na,0,0,0
0,0,0,0,0,0,0,0,0.089,0,0,0.062,0.110,0.194,0,0,0.087,0,0,0
0,0,Na,0,0,0,Na,0,0,0,0.160,0,0.178,0,0.231,0,0,0,0,Na
0,0.208,0.081,0,0.109,0,0,0,0,0.077,0,0,0.087,0,0,0,0,0,0,0.141
0.125,0,0.318,0.112,0.350,0.135,0.280,0,0.102,0.426,0.353,0,0.102,0.108,0,0,0,0,0,0
0,0,Na,0.270,0.214,0,Na,0,0,0.162,0.171,0,0.338,0,0,Na,0,0,0,Na
0,0.091,0,0,0,0,0,0,0,0,0,0,0,0,0,0,0,0.138,0.231,0
0.118,0,Na,0,0,0,Na,0,0,0,0,0,0.162,0,0,0.327,0,0.072,0,Na
0,0.087,0.143,0,0,0,0,0,0,0.205,0.147,0,0.096,0,0,0,0.150,0,0,0
0.122,0,Na,0,0,0,0.333,0.077,0,0,0,0,0,0,0.180,0,0,0,0,0
0.353,0.970,Na,0.750,1.000,0.935,Na,1.000,1.000,Na,Na,0.955,1.000,Na,0.968,0.906,1.000,0.960,1.000,1.000
Na,0,0,0.091,0,0,Na,0.112,0,0,0,0,0,0.300,0,0,0.205,0,0,0
0,0,0,0.149,0,0,0,0.290,0,0,0,0,0,0,0,0.080,0,0,0.104,0.250
1,0.468,Na,0.679,0,0,Na,0.605,0,0,Na,0.438,0,0.471,0.989,0.500,0.412,0.537,0,0
0.625,0.222,Na,0.074,0.368,0.600,Na,0.282,0,0.238,0.231,0.400,0.288,0.167,0,Na,0.588,0.154,0,Na
0,0.086,0,0.383,0,0,Na,0.330,0.361,0,0,0,0,Na,0.220,0,0,0,0,Na
0,0,0,0.165,0.281,0,Na,0,0,0,0,0,0,0,0,0.157,0,0,0,0
0,0.194,Na,0,0,0.545,Na,0,0,0,0,0,0,0,0,0,0,0,0.141,Na
0,0,Na,0,0,0,Na,0,0.103,0,0.250,0,0.134,0,0.847,0,0,0,0,Na
0,0,0,0,0,0,0.250,0.103,0.127,0,0,0,0.098,0.194,0,0,0,0,0,0
1,0,Na,0,0,0,Na,0,0,0.800,Na,0,0.593,0,0.662,0,0,0,0,0
0,0,Na,0,0,0,Na,0,0.260,0,0,0,0,Na,0,0.250,0,0,0.167,Na
0,0.255,Na,0,0,0.733,Na,0,0,0,0,0.238,0.923,Na,0.306,0,0,0,0,Na
0,0.155,Na,0.165,0,0,Na,0,0,0,0.176,0.098,0.211,0,0,0,0,0.146,0.101,0
0.444,0.217,Na,0,0,0,Na,0,0.160,0.167,0.103,0,0,0.161,0,0,0,0,0,Na
0,0.214,0,0.169,0,0,Na,0,0.235,0,0,0,0.111,0,0,0,0,0,0,0
0,0.175,Na,0,0.185,0,Na,0,0,0,Na,0.116,0,0,0,0,0,0,0,Na
Na,0.818,Na,0,1.000,0.692,Na,0,0,Na,Na,0,1.000,Na,0,0,0.429,0,1.000,0.917
0.125,0,Na,0,0.125,0,Na,0,0,0,Na,0,0.091,0,0,0,0,0,0,0
0,0,0.238,0.130,0,0.149,0.179,0.110,0.092,0.323,0.227,0.074,0.107,0,0.136,0,0,0.133,0.157,0
0.931,0.971,Na,1.000,0.912,0,Na,1.000,0.929,Na,Na,0,1.000,Na,0.947,0,0.971,0,1.000,0.214
0,0,0,0,0,0.097,0,0,0,0.319,0.277,0,0,0,0,0,0,0,0,0
0,0,0,0,0.146,0,0,0,0,0,0,0.173,0,0.113,0,0,0,0,0,0
0,0.240,0.098,0.147,0,0,0,0,0,0,0,0,0,0,0,0,0.201,0,0,0
0,0.203,0,0,0,0,Na,0,0,0,0,0.152,0,0,0,0,0,0.158,0,0
0,0,Na,0,0,0,Na,0.165,0,0,0,0,0.187,0,0,0,0,0.041,0,0
0,0.333,Na,0.706,0,0.250,Na,0,0,0,0,0.757,0.446,0.692,Na,Na,0.122,0,0.714,Na
0,0.213,0.333,0.338,0.239,0.193,0.333,0.406,0.323,0.254,0.220,0.220,0.256,0,0.211,0.103,0.327,0.484,0.224,0.747
0.167,0,0,0.110,0,0,Na,0,0,0.179,0.091,0.088,0.093,Na,0,0,0.150,0,0,Na
0,0.304,Na,0,0,0.115,Na,0,0,0,0,0.184,0,0,Na,0,0,0,0,Na
0,0.107,0,0.103,0,0,0.154,0.085,0.179,0.248,0.213,0.110,0.421,0.219,0,0.316,0.438,0.247,0.141,0
0.154,0.218,0.218,0,0,0,0,0.114,0.101,0,0.111,0.243,0,0.254,0,0,0,0.245,0,0
1,1.000,Na,0.978,1.000,1.000,Na,1.000,1.000,1.000,Na,0.985,1.000,1.000,1.000,1.000,1.000,0.952,0.943,0.409
0,0,0,0,0,0.125,Na,0,0.102,0,0,0,0.062,0,0,0,0,0,0,0
0,0.667,Na,0.245,0,0,Na,Na,0,0,Na,0,0.859,Na,0,Na,0.052,0,0.333,Na
0,0.409,0.121,0.087,0.138,0.108,0.207,0,0.183,0.200,0.174,0.114,0.108,0,0,0,0.158,0.114,0.170,0
0,0,Na,0,0.368,0.856,Na,0.277,0,0.105,0,0,0,0,0,0,0.163,0,0,Na
0,0,Na,0,0,0,Na,0.282,0.232,0,0.161,0,0,0,0,0,0,0,0,Na
0,0,0.207,0,0,0,0.333,0,0,0,0,0.201,0,0,0.137,0,0,0,0,0
0,0.320,0,0.318,0.151,0.099,0,0.301,0.219,0.244,0.185,0,0.266,0.260,0,0.138,0.206,0.164,0.279,0.134
0.174,0,0.212,0.119,0,0.183,0,0,0.200,0.388,0.347,0,0.331,0.152,0.217,0,0,0,0,0.333
0,0,0,0,0.184,0.178,0,0.148,0,0.450,0.302,0.121,0,0,0.110,0,0,0.206,0,0
0.214,0.402,0.156,0.136,0,0,0,0,0.108,0,0,0,0.110,0.183,0,0.506,0.276,0,0,0.327
0,0.097,0,0,0,0,0,0,0,0.244,0.160,0,0,0,0,0,0.198,0,0,0
0.139,0.099,Na,0,0,0.120,Na,0,0,0,0,0,0,0,0.789,Na,0,0,0,Na
0,0.101,Na,0.208,0,0,Na,0.210,0,0,Na,0,0,0,0.583,0,0,0,0.634,Na
0,0.093,Na,0.106,0,0,Na,0.103,0,0,0,0,0.158,0,0,Na,0,0,0,Na
0.324,0,Na,0,0,0,Na,0,0.155,0,0,0,0,0,0,Na,0,0.258,0.105,Na
0,0,0,0,0,0.196,Na,0.330,0,0,0,0,0,Na,0,0.132,0,0,0,Na
0,0.238,0,0,0,0,Na,0,0.164,0,0,0,0.490,0,0,0,0,0,0,Na
0,0,Na,0,0,0,Na,0,0.120,0.148,0,0.277,0,0,0,0,0,0,0,Na
Na,Na,Na,0.636,0,0.564,Na,0.714,0,Na,Na,0,Na,Na,0.971,0.455,0,0.786,Na,Na
0,0,Na,0.092,0,0,Na,0,0,0.283,0.333,0,0,0,0,0,0.139,0,0.120,Na
0.72,0,Na,0,0,0,Na,0,0,0,0,0.565,0.250,0,0,0,0,0,0,Na
0,0,Na,0,Na,0,0.462,0,0,0,0.128,0,0,0,0,0,Na,0,0.075,0
Na,Na,Na,0,Na,Na,Na,Na,0.467,Na,Na,0,0.727,Na,0.915,0,Na,0.309,0,Na
0,0,0,0,0,0,0,0,0.083,0,0,0,0,0,0,0,0.297,0.065,0,0
0,0.125,0,0,0,0,0,0,0.112,0.447,0.222,0,0,0.267,0,0,0.228,0,0.136,0
0,0,0,0,0.267,0,0,0,0,0,0,0,0.082,0,0.088,0,0,0,0,0
0,0,Na,0,0,0,Na,0.052,0,0.163,Na,0,0,0,0,0,0.099,0,Na,Na
0,0,Na,0.129,0,0,Na,0,0,0.303,0.320,0,0.953,Na,0,0,0,0.145,0,Na
0,0.106,0,0,0.203,0.103,0.455,0.153,0.151,0.153,0.159,0,0.174,0.152,0,0.110,0,0,0,0
0,0.208,Na,0,0,0,Na,0,0,0.607,Na,0,0.279,0,0,0,0,0.820,0.128,Na
0,0,Na,0.250,0,0,Na,0,0.170,Na,Na,0.113,0,0,0,0,0,0,0,0
0,0,Na,0,Na,0.121,0.286,0,0,0,0,0,0,0.147,0,0,Na,0,0,0
0.284,0.131,Na,0.247,Na,0,0,0.110,0.256,0.395,0.441,0.330,0.221,0,0,0.124,Na,0,0.286,0.632
0,0.407,0.118,0.661,0.443,0.426,0,0.222,0.566,0.030,0,0.338,0.429,0.146,0,0.357,0.472,0.422,0.183,0.075
0,0,Na,0,0,0,Na,0,0.188,0,0,0,0,Na,0.400,0,0.262,0,0,Na
0,0,0,0,0,0,Na,0,0,0,0,0,0.215,0,Na,Na,0.324,0.275,0,Na
0,0,Na,0,0,0,Na,0,0,0,Na,0,0.143,0,0,0,0.115,0,0.146,0
0.333,0,Na,0,0,0,Na,0.138,0,0,0,0,0,0,0,0,0.186,0,0,0
0,0.522,1.000,1.000,Na,0.442,Na,Na,Na,Na,Na,1.000,Na,Na,0,Na,0,Na,Na,Na
0.147,0,Na,0,0,0,Na,0,0,0,0,0,0,0,0,Na,0.436,0,0.106,Na
0,0,0.103,0,0,0.373,0,0,0,0,0,0,0,0,0,0,0,0.223,0,0
0,0.185,Na,0,0.081,0.121,Na,0,0,0,0,0,0,Na,0,0,0,0,0,Na
0,0,Na,0.256,0,0,Na,0,0.280,0,0,0,0,Na,0.120,0,0,0,0,Na
0,0.090,0.133,0,0,0,0,0,0,0,0,0.069,0,0,0,0,0,0,0.169,0
0.095,0.098,0,0.231,0.184,0.182,0.275,0,0.244,0.373,0.333,0.163,0.148,0,0.205,0,0.069,0,0,0.098
0.193,0.106,0,0,0.083,0,0.324,0,0.203,0,0.173,0.253,0,0.069,0,0.094,0.152,0,0.128,0
0.278,0,Na,0.208,0,0,Na,0,0,0,0,0,0,0,0,0,0,0,0.145,0
0,0.100,Na,0,0,0,0.857,0,0.072,0,0,0,0,0,0,0,0,0,0,0
0,0,0,0,0,0,0,0,0,0.125,0.106,0,0,0,0.114,0,0,0,0,0
0,0.106,0,0.117,0,0.266,Na,0,0,0.129,0,0.160,0,Na,0,0.128,0.252,0,0,Na
0,0.429,Na,0,0,0.368,Na,0,0,0,0,0.200,0,0.129,Na,Na,0,0.104,0.267,Na
0,0,Na,0,0,0,Na,0,0,0,0,0.130,0.179,0.700,0.333,Na,0,0,0,Na
0,0,0.143,0.135,0,0.106,0,0,0.116,0,0,0,0,0,0.067,0,0,0,0,0
0,0,0,0,0,0,Na,0,0.229,0,0,0,0,0.130,0,0,0.154,0,0,0
0,0,Na,0,0,0,Na,0,0,0,Na,0.110,0,0.231,0,0,0,0.118,0,0
Na,0.375,Na,0,0.652,1.000,0,0,1.000,0.261,0.171,0,0,0,0.653,1.000,0,0.833,0.556,1.000
0,0.111,0,0,0,0,0,0,0,0,0,0,0,0.090,0,0,0,0,0,0.096
0.032,0.133,0.296,0.167,0.110,0,0,0,0.129,0.292,0.225,0.105,0.128,0.288,0.215,0,0,0.128,0.070,0.105
0,0,0,0,0,0,0,0.116,0,0,0,0,0.041,0,0,0,0.133,0,0,0.065
0,0.362,0.174,0,0,0,Na,0,0,0,0,0.514,0,0,0,0,0.168,0,0,Na
0,0,Na,0.200,0,0.276,Na,0,0.068,0.185,0,0,0,0,0.375,0,0.197,0,0.367,Na
0,0,Na,0,0.146,0,Na,0,0,0.200,0.150,0,0,Na,0,0,0.420,0,0,Na
0.392,0.156,0.242,0.154,0,0,0,0,0.246,0.172,0.166,0.204,0,0.122,0,0,0,0.114,0.123,0
0.943,0,Na,0,0,0,Na,0,0,0.647,Na,0,0,0,0.657,0,0,0,0,0
0.151,0.181,0,0.207,0.230,0,0,0.196,0.407,0,0,0.388,0.262,0,0.160,0,0.109,0.085,0.138,Na
0,0.113,Na,0,0,0.135,Na,0,0.259,0,Na,0,0,0.200,0.143,0,0,0,0,0.150
0,0,Na,0,0,0,Na,0,0.116,0.265,0.214,0,0,Na,0,0,0.446,0,0,Na
0,0,0,0.125,0,0,0,0,0.119,0.095,0.075,0,0,0,0,0,0,0,0.106,0
0.222,0.209,Na,0,0,0,Na,0,0.126,0,0,0.150,0.235,0,0,0,0.214,0.329,0.137,Na
0,0,0,0,0,0,0,0,0,0.094,0,0,0,0,0.142,0.157,0,0,0,0.177
0,0,0,0.096,0.224,0.077,0,0.068,0,0,0,0,0,0.117,0,0,0,0.097,0.076,0
0.684,Na,Na,0,Na,0,Na,0,0,Na,Na,0.714,0.800,Na,0,0.750,Na,0.826,0.615,Na
0.447,0,0,0.095,0,0,Na,0.232,0.405,0.153,0.145,0,0,0,0,0,0,0.110,0,0.216
0,0,0,0,0.101,0,0,0,0,0,0,0,0,0.189,0,0,0,0.223,0,0
0,0,0,0,0,0,Na,0,0,0,0,0.155,0,0.194,0,Na,0.217,0,0,Na
0,0.138,Na,0,0,0,Na,0,0,0,0,0.152,0,Na,0,0,0.261,0,0,Na
0,0,Na,0.117,0,0,Na,0.090,0,0,0,0,0,0,0.333,0,0.192,0,0,Na
0,0.206,0,0.410,0.085,0,Na,0,0.124,0,0,0,0,0,0,0,0.096,0,0,Na
0,0,Na,0.113,0,0,Na,0.111,0,0,Na,0,0,0,0,0.200,0.119,0,0,0
0,0,0,0.068,0,0,0,0,0,0,0,0,0,0,0.198,0,0,0.172,0,0
0,0,0,0,0,0,0.095,0,0,0,0,0.201,0,0,0,0,0.281,0,0,0
0,0,0,0,0.064,0.296,0,0,0,0,0,0,0,0,0.031,0,0,0,0,0
0,0,0,0,0,0,Na,0,0.099,0.333,0.154,0,0.183,Na,0,0,0.217,0,0,Na
0.136,0,Na,0,0,0,Na,0.143,0,Na,Na,0,0,0,0.078,0,0,0,0,0
0,0,Na,0,0,0,Na,0,0,0,0.100,0.171,0,0,Na,Na,0.096,0.230,0,Na
0,0,0,0.194,0,0,Na,0.200,0,0,0.138,0,0.297,0,0,0,0,0,0,0
0.2,0,Na,0,0,0.192,Na,0,0,0,0.579,0,0.150,0,Na,Na,0.580,0,0.529,Na
0,0,0,0,0,0,Na,0,0,0.097,0,0.115,0,0.113,0,0,0,0,0,0
0,0,Na,0,0,0,Na,0.528,0.355,0,0,0,0,0.333,Na,Na,0,0,0,Na
0,0,Na,0,0.123,0,Na,0,0.096,0,Na,0,0,0,0,0,0,0.167,0,Na
0,0.141,Na,0,0.162,0.814,Na,0,0.385,0,Na,0.603,0.537,0,0,0,0.277,0.380,0.537,Na
0.711,0,Na,0,0,0,Na,0,0,0,Na,0,0,0.100,0.112,0,0,0,0,Na
0.391,0,Na,0,0,0.380,Na,0,0,0,Na,0,0.144,0,0,0,0,0.284,0,Na
0,0,Na,0.130,0,0,Na,0,0,0.143,0,0,0.196,0,Na,Na,0,0,0,Na
0,0.268,Na,0,0,0,Na,0,0,0.542,0.348,0.062,0,0,0,0,0,0,0,Na
0,0,Na,0,0,0.160,Na,0,0.243,0,0,0,0,0,0.216,0,0.330,0.250,0,Na
0.421,0,Na,0.153,0,0,Na,0,0,0,Na,0,0,0.100,0,0,0,0,0,Na
0,0,0.227,0,0.176,0,0,0.245,0.171,0.170,0.140,0.147,0,0.516,0.236,0,0,0,0.148,0.247
0.194,0.252,0,0,0,0,Na,0,0,0,0,0,0,0,0,0,0,0.196,0,Na
0,0.488,0.467,0.219,0,0.327,Na,0.548,0.382,0,0.354,0.353,0.413,0.247,0,0,0.250,0.224,0,0
0,0.115,0,0,0,0,0,0.098,0,0.119,0,0,0,0,0,0,0,0,0,0
0,0,0,0,0,0,0,0,0,0,0.121,0.090,0.255,0,0,0,0,0,0.119,0
0,0,0.333,0,0.236,0,Na,0.241,0.172,0,0,0.264,0,0.222,0,0,0,0.227,0,0
Na,0.379,0,0.254,0,0.162,Na,0.185,0,0,0,0,0,0.226,0.070,0,0.156,0,0,0
0.035,0,0,0,0,0,0,0,0,0,0,0,0,0.073,0,0,0,0.082,0,0
0,0,0,0,0,0,0.111,0.057,0.195,0,0,0,0.063,0,0,0,0,0,0,0
0.143,0,Na,0,0,0,Na,0,0,0.300,Na,0,0,Na,0,0,0,0,0.174,0
0,0,Na,0.092,Na,0,0,0,0,0,0,0.123,0,0,0,0,Na,0,0,0.102
0,0,0,0,0,0,0,0,0,0,0,0,0,0,0,0,0.143,0,0.119,0.103
0.171,0,Na,0,0,0,Na,0,0,0,0,0,0,0,0,0,0,0.127,0.108,0
0,0,Na,0.235,0,0,Na,0.320,0.100,0,0,0.146,0.133,0,0,0,0,0,0,0
0,0,Na,0,Na,0,0,0,0.131,0,0,0,0,0,0,0,Na,0,0.076,0.190
Na,Na,Na,0.154,Na,Na,Na,Na,0,Na,Na,0.167,0,Na,0,0.346,Na,0,Na,Na
0.495,0,Na,0.120,0,0,Na,0,0.195,0.136,0.161,0,0,0,0,0,0,0.124,0,0
0,0.133,Na,0.120,0,0,Na,0,0.438,0,Na,0,0.156,0,0,0,0,0,0.548,Na
0,0,Na,0.145,0,0,Na,0.256,0.117,0,Na,0,0,0.125,0,0,0,0,0.245,Na
0,0,Na,0,0,0.214,Na,0,0,0,0,0.127,0,Na,0,0.333,0,0,0,Na
0,0,0.103,0,0,0,0,0,0,0,0,0.112,0,0,0,0,0,0,0.134,0
0,0.509,0.118,0.667,0.500,0.534,0,0.388,0.712,0.033,0,0.442,0.559,0.195,0,0.357,0.540,0.591,0.356,0.149
Na,0,Na,0,0,0.117,Na,0,0.170,0.194,0.170,0.073,0,0,0,0,0,0,0,0
0,0.314,0,0,0,0,0,0,0,0,0.285,0,0,0.273,0,0.271,0,0,0.537,0
0,0,0,0,0.345,0.251,0,0,0,0,0,0,0,0,0.289,0,0,0,0,0
0,0,Na,0.091,0.130,0,Na,0,0,0.132,Na,0,0,0,0,0,0,0,0,Na
0,0,Na,0.180,0.137,0,Na,0.600,0.115,0.087,0.139,0,0,0,0,0.283,0,0,0,Na
0.333,0,Na,0.294,Na,0,0,0,0.148,0.216,0.203,0,0.308,0.085,0,0,Na,0.167,0.187,0.245
0.395,0,0,0,0,0,Na,0,0,0,0,0,0.307,0,0,Na,0,0,0.172,Na
0,0,Na,0,0,0,Na,0,0.111,0.154,0,0,0.367,0,Na,Na,0,0,0,Na
0,0,0,0,0,0,Na,0,0.271,0,0,0,0,0.146,0,0,0.101,0.441,0,0.125
0,0.190,0,0,0.221,0.492,Na,0,0,0.161,0,0.594,0,0,0,0,0.307,0,0.314,Na
0,0.371,0.409,0.171,0.164,0.095,Na,0.349,0,0.402,0.418,0.153,0.522,0,0.225,0.896,0,0,0.123,0
0.189,0,Na,0,0,0,Na,0,0,0.429,0.240,0,0,0,0,Na,0,0,0,Na
0.333,0,Na,0.200,0,0,Na,0,0,0,0,0,0,0,0,0,0,0.114,0,0
0,0,Na,0.204,Na,0,0,0,0,0.137,0.078,0,0,0,0,0,Na,0,0,0
0.35,0.209,Na,0.109,0,0,Na,0.114,0.099,0,0,0.258,0.280,0.200,0,0.283,0.279,0.139,0.115,Na
0,0.103,0,0,0,0,0,0.301,0,0,0.375,0.051,0.089,0,0,0,0,0,0,0
0,0,0,0,0.609,0,Na,0,0,0,0,0,0,0,0,0.173,0,0,0,0.286
0,0,0,0,0,0.153,0,0.072,0.067,0,0,0,0,0,0,0,0.060,0.177,0,0
Na,Na,Na,Na,0,1.000,Na,Na,Na,Na,Na,Na,0.667,Na,1.000,Na,0,Na,0.462,Na
0,0,0,0,0,0.093,Na,0,0,0,0,0,0,0.100,0,0,0,0,0.075,0
0,0.241,Na,0.096,0,0,Na,0,0.096,0,0,0,0.337,0,0,Na,0,0.275,0.068,Na
0,0.106,0,0,0,0.098,0,0,0.088,0.072,0.093,0,0,0,0,0,0,0.082,0,0
0,0,0.160,0,0,0,0,0.143,0,0,0,0,0,0.161,0,0,0,0,0,0
Na,0.470,Na,0,0,0,Na,0,0,0,0,0,0,0,0.603,0,0.452,0,0.172,0.333
0.089,0,Na,0,0.092,0,0,0,0,0,0,0,0.220,0,0.117,0,0.069,0,0.113,0
0,0,0,0,0.113,0,0,0.168,0,0,0,0,0,0,0,0,0.179,0,0,0
0,0.105,0,0,0,0,Na,0.103,0,0,0,0.206,0,Na,0,0,0,0,0,Na
0,0,0,0,0,0,0.171,0,0,0,0,0,0,0,0,0,0.136,0,0,0.078
0.108,0,0,0.086,0.115,0,0.190,0,0,0,0,0,0.126,0.118,0,0,0,0.103,0,0
0,0,0,0,0,0.079,0.172,0,0.115,0,0,0.092,0,0,0,0,0,0,0.113,0
Na,0.500,Na,0.087,0.400,0,Na,0,0,Na,Na,0,Na,Na,0.259,0,0,Na,0,0
0,0,0,0,0,0.214,0,0,0,0,0,0,0,0.514,0,0,0,0,0.282,0
0,0,0,0,0,0,0,0,0,0.392,0.277,0,0,0.165,0,0,0,0,0,0
0.641,0.659,0,0,1.000,0.612,0.625,0,0.564,0.433,0.488,0,1.000,0.621,0.670,0,0.459,0,1.000,0.505
0,0,0,0.272,0,0,0,0.206,0,0.088,0,0,0,0,0,0,0,0,0,Na
0.182,0,0.247,0.094,0.077,0.160,0.154,0.051,0.250,0.144,0.119,0,0.251,0.129,0,0.277,0.148,0.110,0,0.385
0.124,0,0,0,0.154,0,0,0,0,0,0,0,0,0,0.207,0,0,0,0,0
0,0,Na,0,0,0,Na,0,0.273,0.200,Na,0,0.122,0,0,0,0,0,0,0
0,0.135,0,0.164,0,0.147,0,0,0.149,0.276,0.187,0.321,0.228,0,0.077,0,0,0.297,0,0
0,0,0,1.000,1.000,0,Na,Na,0,1.000,1.000,1.000,0,0,Na,0,1.000,0,0,Na
0.209,0.330,0.583,0.185,0.229,0.443,0,0,0.261,0.348,0.300,0.162,0,0.596,0,0.165,0.336,0,0,0
0,0,0,0,0,0,0.241,0.534,0,0,0,0,0.163,0,0,0,0,0.164,0.283,0.250
Na,Na,Na,Na,Na,Na,Na,1.000,Na,Na,0.273,Na,Na,Na,Na,0.727,Na,Na,Na,0
0,0,Na,0,0,0,Na,0,0.090,0,Na,0,0,Na,0,0,0,0.125,0.139,0
0.1,0.147,0,0.144,0,0,0,0,0,0,0,0,0,0,0,0,0.100,0,0,Na
0,0,0,0,0,0,0.147,0,0.080,0,0,0,0,0.054,0,0,0,0,0,0
0,0,0,0,0.054,0,0,0,0,0,0,0.029,0,0,0,0,0.056,0,0,0
0,0,Na,0.164,0.205,0,Na,0,Na,0,Na,0,0,0,0,0,0.083,Na,Na,Na
0,0.138,0.219,0,0,0.138,0,0,0,0,0,0,0,0,0,0,0,0.081,0,0
0.25,0,Na,0,0.378,0.188,Na,0,0,0,0,0.236,0.943,Na,0,0,0,0,0,Na
0.171,0,Na,0.235,0,0,Na,0,0,0,0,0,0,0,0,0,0,0.292,0,0
0,0.351,Na,0,0,0,Na,0.224,0.189,0,0.138,0.117,0,0,0,0,0.135,0,0,0
0,0,0,0.146,0,0.113,0,0.156,0.163,0,0,0.296,0,0,0,0,0,0,0,0.325
0,0,0,0,0.115,0,0,0.138,0,0.153,0,0,0,0,0,0.080,0,0,0,0
0,0,Na,0.194,0,0,Na,0,0,0.140,0.139,0,0,0,0,0,0,0,0,Na
0,0,Na,0,0,0,0,0.171,0,0,0,0,0,0,0,0,0.158,0,0,0.357
0,0,0.121,0,0,0,0,0,0,0,0,0,0,0,0,0,0,0,0.109,0.438
0,0,0,0.097,0,0,0,0,0.088,0,0,0,0,0,0,0,0,0.105,0,0
0.312,0.231,Na,0.433,0.188,0.167,Na,0,0.120,0.286,0,0.200,0,0,Na,Na,0.358,0,0,Na
0,0,0,0.312,0.055,0.086,0,0,0,0,0,0,0,0,0.087,0,0,0,0,0
0.136,0,0,0.344,0,0,0,0.086,0.222,0,0,0,0.077,0,0,0,0,0.065,0,0
Na,0,Na,0,0.309,0,Na,0,0,0,0,0,0,0,0,0,0,0.107,0,0.167
0,0,Na,0.133,0,0,0,0.099,0,0,0.099,0,0,Na,0,0,0.072,0,0,0
0,0,Na,0.074,0,0,0,0.148,0.071,0,0,0,0,0,0,0.261,0,0,0.104,0
0,0,Na,0.192,0,0.235,Na,0,0.149,0.214,0,0,0,Na,0,0,0,0,0,Na
0,0.104,Na,0,0,0,0.889,0.190,0,0.237,0,0,0.128,0.273,0.203,0,0,0,0.097,Na
0,0,Na,0.159,0,0,Na,0,0,0.318,0,0,0,0,0.333,0,0.130,0,0,Na
0,0,0,0,0,0,0,0.160,0,0.075,0.125,0,0,0,0,0,0,0,0,0
0,0,0.143,0,0,0,0,0,0,0,0.077,0,0,0,0,0,0,0,0,0.127
0.323,0.167,Na,0,0,0,Na,0.125,0,0,0,0,0,0,0,0,0,0.220,0.181,0
0,0.179,0,0.153,0,0,0,0,0,0,0,0,0.152,0.085,0,0,0,0,0,0
Na,0,0,0,0.200,0,Na,0,0,0.189,0.134,0,0,0,0,0,0,0,0,0
Na,0,0.688,0.183,0,0.375,Na,0.145,0.096,0,0,0,0,0,0,0,0,0,0,0.222
0.22,0.125,0,0,0,0,0,0,0,0,0.139,0,0.139,0,0.171,0,0.273,0,0.153,0
Na,0,Na,Na,Na,0.231,Na,0,0.381,Na,Na,0.333,0,Na,0,Na,Na,Na,Na,0
1,0.254,0,0,1.000,0.396,Na,0,0.527,0.412,0.400,0,1.000,0.231,0.490,0,0.435,0,1.000,0.273
0,0,0,0.068,0,0.033,0,0,0.044,0,0,0,0,0.048,0,0,0,0,0,0.157
0,0,0,0,0,0,0,0,0,0,0.140,0.144,0,0,0,0,0,0.158,0.265,0
0.153,0.506,0,0.200,0.130,0,0.185,0,0.193,0.059,0,0,0.113,0,0,0,0,0.374,0.113,0.109
0.171,0,Na,0.103,Na,0,0,0,0.250,0.061,0,0,0,0,0,0,Na,0,0,0.273
0.295,0.160,0.308,0.517,0.317,0.101,0.280,0.411,0.474,0.238,0.248,0.387,0.234,0.357,0,0,0.745,0.519,0.387,0.612
0,0.178,Na,0,0,0,Na,0,0,0,0.154,0.128,0,0,0,Na,0.377,0,0,Na
0,0,0,0.266,0.103,0,Na,0,0,0.132,0,0,0,0,0.148,0,0,0.101,0,0
0,0,Na,0,0.176,0,Na,0,0,Na,Na,0,0.154,0,0.102,0,0,0,0,0
0,0,Na,0.143,0,0,0,0,0.138,0,0,0,0,0.528,0.129,0,0,0,0,0.167
0,0,0,0,0,0,0,0,0.116,0,0,0.059,0,0,0,0,0,0,0,0.094
0.447,0,Na,0,0,0,Na,0.206,0,0,0,0,0.088,0,0,0,0.132,0,0.125,Na
0,0.476,Na,0,0,0,Na,0,0,0.524,Na,0.279,0,0,0,0,0,0,0,Na
0,0,0,0,0,0,0,0,0.165,0,0.105,0,0,0,0,0.148,0.278,0,0,0
Na,0,Na,0,Na,0,Na,0,0,Na,Na,0.214,0.300,Na,0,Na,Na,Na,0.400,0
Na,0,Na,0.273,Na,0.290,Na,0,0.400,Na,Na,0,0,Na,0,Na,Na,Na,0,0
0.963,0,Na,0.135,0.129,0,Na,0,0,0.900,Na,0,0.625,0,0.548,0,0,0,0,0
0,0.087,0,0,0,0.181,0,0,0,0.341,0.300,0.099,0,0,0,0,0,0,0.115,0.333
0,0,0,0.270,0,0,Na,0,0,0,0,0,0.103,Na,0,0.682,0.090,0,0,Na
0,0,Na,0,0,0,Na,0,0,0.250,0.208,0.146,0,0,0,0,0,0,0,Na
0,0,Na,0.159,0,0,Na,0.174,0.128,0,0,0,0.140,0,0,0,0,0,0,Na
0.183,0.146,0,0.151,0.098,0.094,0,0,0.165,0,0,0.225,0.256,0.193,0.157,0,0,0.197,0,0
0.182,0.893,0,0.149,0,0,Na,0.424,0.965,0.867,0.520,0,0.989,0,0.441,0,0,0,0,Na
Na,0,0,0,0.278,0,Na,0,0,0.154,0.122,0,0,0,0,0,0.215,0,0,0
Na,Na,Na,Na,Na,0.333,Na,Na,0.132,Na,Na,Na,Na,Na,Na,Na,1.000,Na,Na,Na
0,0.153,0,0,0.084,0,0,0.096,0,0,0.115,0,0,0.120,0,0,0,0,0,0
0.14,0,0,0,0,0,Na,0,0.120,0,0,0,0,0.400,0,0,0,0,0,Na
0.188,0,Na,0.175,0,0,Na,0,0,0,0,0.162,0.938,Na,0.240,0,0,0,0,Na
0,0.192,0,0,0,0,0,0,0,0.112,0.133,0,0,0.070,0,0,0,0.099,0,0.107
0.111,0.866,0.417,0.201,0.388,0,0,0.112,0,0.122,0,0,0.340,0,0,0,0,0.131,0.099,0.412
0,0,0,0,0,0.217,0,0,0,0.092,0.150,0,0,0,0,0.124,0,0,0.131,0
1,0,0,1.000,1.000,0.985,Na,1.000,0,1.000,Na,1.000,1.000,0,1.000,1.000,1.000,0.981,1.000,1.000
0,0,0,0,0.129,0,Na,0,0.090,0,0,0,0.525,0,0,0,0.163,0.092,0.109,Na
0.19,0.110,0,0,0,0,0.143,0,0.108,0.132,0.169,0,0.118,0.176,0,0,0.464,0,0,0
0,0,0.397,0,0.199,0.089,0,0.097,0.114,0.437,0.364,0,0,0.072,0.159,0,0.148,0,0,0
0,0,Na,0,0,0,Na,0,0,0,0.189,0,0.125,0,0,0,0,0.327,0,Na
0.136,0,0,0.109,0,0,Na,0,0,0,0,0,0,Na,0,0,0.274,0,0.360,Na
0,0,0,0,0,0.127,0,0,0,0,0,0.094,0,0.067,0,0,0,0,0,0.244
0,0,0.250,0,0,0,Na,0,0.140,0,0.091,0,0,0.431,0.221,0.089,0.081,0,0.113,0
0,0,0,0,0,0,Na,0.136,0,0.111,0,0.154,0,0,0,0,0.125,0.265,0.660,0
0,0.127,Na,0,0,0,0,0.110,0,0,0,0.226,0,0.200,0,0,0,0,0.135,0
0.116,0,Na,0,0,0,0,0,0,0.350,0.159,0,0,0,0,0,0,0,0,0.224
0,0,Na,0,0,0,Na,0,0.085,0.238,0,0,0,0,0.152,0,0.227,0,0,Na
0.034,0,0,0,0,0,0,0,0,0,0,0,0,0.101,0.033,0,0,0,0,0
0,0,Na,0,0,0,Na,0,0,0.148,Na,0,0,0.227,0,0,0.186,0,0,0
0,0.084,0.188,0,0,0.155,0,0,0,0,0,0,0,0,0,0,0,0,0,0
0.182,0,Na,0,0,0,Na,0,0.291,0,0,0,0.203,0,0,Na,0,0.178,0,Na
0,0,Na,0,0.449,0,Na,0,0,0,0,0,0.083,0.333,0,0,0,0,0.185,0.176
0.168,0.125,0,0.281,0.102,0,0,0.234,0.329,0,0,0.077,0,0,0,0,0.315,0,0,0
0,0,Na,0,0,0.139,Na,0,0.141,0.458,0.391,0,0,Na,0.146,0,0,0,0,Na
0.154,0,0,0,0,0,0,0.487,0.166,0,0.230,0,0,0,0,0,0,0,0.307,0
0.254,0,0,0.105,0.106,0.170,0,0,0.206,0.119,0.119,0.103,0,0.237,0.110,0,0.088,0,0.164,0
0,0,Na,0.250,0,0,Na,0,0.317,0,0,0,0,Na,0,0,0.295,0,0,Na
0.6,Na,Na,1.000,Na,0,Na,0,0.895,Na,Na,0.333,Na,Na,0,Na,0,Na,Na,Na
0.206,0,0.150,0.475,0.261,0.349,Na,0.229,0.365,0,0.536,0.158,0,0,0.159,0,0.500,0.284,0,Na
0,0.340,0,0,0,0,Na,0,0,0,0,0,0.594,0,0,0.943,0,0,0.340,Na
0,0,0,0,0,0,0,0,0,0,0,0,0,0,0.137,0,0,0.291,0,0.105
0,0,0,0.341,0,0,0,0,0,0,0,0,0,0,0,0,0.063,0.122,0,0
0.115,0,0,0,0,0,0,0,0,0.057,0.058,0,0,0,0,0,0,0,0,0
0,0,Na,0.123,0,0,Na,0.326,0,0,0,0,0,0,Na,Na,0,0.141,0,Na
0.19,0.923,Na,0.333,0.875,0.800,Na,Na,0.846,Na,Na,0.864,Na,Na,0.737,0.727,Na,Na,Na,Na
0,0,Na,0.197,0,0,Na,0,0,0,0,0,0,Na,0.209,0,0.600,0,0,Na
0,0,0,0.200,0,0,Na,0,0,0,0,0,0.191,0,0.556,0,0,0,0,0
0,0,Na,0,0.633,0,Na,0,0.097,0,0,0,0,0,0,0.375,0.110,0,0,Na
0,0,Na,0,0,0,Na,0,0,0,0,0,0,0.500,Na,Na,0.170,0.224,0,Na
0,0.200,Na,0,0.250,0,Na,0.312,0,0,0,0,0,0,Na,Na,0,0,0,Na
Na,Na,Na,0.538,Na,Na,Na,Na,0,Na,Na,0,0.333,Na,0,0,Na,0.273,0,Na
0.098,0.091,0.125,0.158,0.160,0,0,0.076,0,0.139,0.198,0.095,0.123,0.140,0.158,0,0,0.095,0,0.172
0,0,0,0.171,0,0.194,0,0.287,0,0,0,0,0,0,0,0,0.136,0,0,0
0.164,0.488,0.190,0,0.209,0,0.250,0,0,0.318,0.228,0.188,0,0.452,0,0.133,0,0.087,0.218,0.122
0,0,0,0,0,0,Na,0,0,0,0,0,0.184,0.081,0.081,0,0,0,0,0
0,0,0,0.365,0.220,0,Na,0.150,0,0.500,0.296,0.264,0,0,0,Na,0,0.406,0.160,Na
0,0.139,0,0,0,0,0,0.709,0,0,0,0,0.506,0,0,0,0,0,0.208,0.500
0,0,0.153,0,0.067,0.067,0,0,0,0,0,0,0,0.102,0.090,0,0,0,0,0.132
0,0,0,0.104,0,0,0,0,0,0,0.217,0,0.131,0,0,0,0,0.107,0,0
0,0,Na,0,0,0.321,Na,0.105,0,0.234,0.219,0.130,0,0,0,0,0,0,0,Na
0.147,0,0,0,0,0,0.208,0,0.309,0.081,0,0,0,0,0,0,0,0.083,0,0
0.212,0,0.148,0,0,0,0.346,0,0,0,0,0.073,0,0.145,0,0,0,0,0,0
0,0.242,Na,0,0,0,Na,0,0,0,0,0,0.193,0,0.250,0,0.117,0,0,Na
0,0,0,0,0.033,0,0,0,0.082,0,0,0,0,0,0,0,0,0.053,0.023,0.204
Na,0,Na,0.427,0,0,Na,0,0.315,0.786,0.654,0.302,0,0.270,0,0,0,0.185,0,0
Na,Na,Na,Na,Na,Na,Na,1.000,Na,Na,0.273,Na,Na,Na,Na,0.727,Na,Na,Na,0
Na,Na,Na,0,Na,0,Na,Na,0,Na,Na,0.188,0,Na,0.263,Na,Na,0.200,0,Na
0.195,0.184,0.185,0.204,0,0.236,0,0.292,0.271,0.256,0.194,0.206,0.416,0.092,0.097,0.148,0,0.200,0.126,0
0.961,0,0,0.547,0.722,1.000,1.000,0.378,0.669,0.634,0.869,0.973,0.952,0.800,0.654,0.419,0.698,0.978,0.757,Na
0,0,Na,0.127,0,0,Na,0,0.261,0,0,0,0,0,Na,Na,0,0.097,0,Na
Na,0,0,0,0,0.175,Na,0,0,0,0,0,0,0,0.106,0,0,0.432,0,0
0.167,0.233,Na,0,0.316,0,Na,0,0.107,0,0,0,0,Na,0,0,0,0.219,0.192,Na
0.19,0.262,Na,0,0.684,0,Na,0,0,0.261,0.143,0.075,0.125,0,0.289,0,0,0.157,0.423,Na
0.559,0,Na,0,0,0.182,Na,0,0,0,0.440,0.172,0,0,0,Na,0,0.186,0.273,Na
0.382,0,Na,0.083,0,0,Na,0,0,0.196,Na,0,0,0,0,0,0,0,0,Na
0.268,0,Na,0,0,0.514,Na,0,0,0,0,0.104,0.176,0,0,Na,0,0.274,0,Na
0,0,0,0,0,0,0,0,0.097,0,0,0.127,0,0.182,0,0,0,0,0,0
0.137,0,0,0.117,0,0,0,0,0,0,0,0.174,0.195,0,0,0,0,0.185,0.101,0.140
0,0,0,0,0,0.379,Na,0.134,0,0,0,0,0.093,0,0.078,0,0,0,0.083,0
Na,0.462,Na,0,1.000,0.884,Na,Na,0.500,Na,Na,0,Na,Na,0.483,0,0.692,Na,1.000,Na
0,0.067,0,0,0,0,0,0,0,0,0.083,0.118,0,0,0,0,0,0,0,0
0,0,0,0,0,0,0,0,0,0.129,0,0,0.141,0,0,0,0,0.262,0,0
0,0.118,Na,0.129,0,0,Na,0.190,0.141,0,0,0,0.104,0,0,Na,0,0.247,0,Na
0,0,Na,0,0,0,Na,0,0,0.250,0.129,0,0.157,0.167,0.225,0,0,0,0,Na
